UNIT,BEDROOMS,Photos
101,1B/1B,https://photos.app.goo.gl/1Kn6h46vPzYeQamN9
102,2B/2B,https://photos.app.goo.gl/58YTeSmBYvoB6HDk8
103,1B/1B,https://photos.app.goo.gl/pbxGiZNXoak55FCdA
104,2B/1B + Den,https://photos.app.goo.gl/bSyXKXqHAB97p7148
105,3B/2B,https://photos.app.goo.gl/119HrrxF3eQ31Qj98
106,2B/1B,https://photos.app.goo.gl/HniFGj8J3ZiX5wGB8
107,1B/1B,https://photos.app.goo.gl/pBq467E9A3Vp8CnMA
108,3B/2B WIC,https://photos.app.goo.gl/rpGJLPJQE3izmEGd6
109,1B/1B,https://photos.app.goo.gl/ckp6eyzHCvomnCbXA
110,1B/1B,https://photos.app.goo.gl/6j3RHCp2wwUQM7rP6
111,1B/1B,https://photos.app.goo.gl/Kb5dF8sXx7JuWafs8
112,1B/1B,https://photos.app.goo.gl/5RPbiZqLMGBwqsER6
113,3B/2B WIC,https://photos.app.goo.gl/8xNXFH8o6Kj1dt1V6
114,3B/2B,https://photos.app.goo.gl/ky3eRE1DY57v8Azb9
115,1B/1B,https://photos.google.com/share/AF1QipNNUt5qFWpExjS1P0NFTQZL0AH8YMbtDMLzJ0YuLikaqDegFAOvHeoU1PY5xvsheg?key=TlJJOXFlTEpZYnQ2UDFpV0FUTC1OMDBOSG5jRDlB
116,Studio/1B + Den,https://photos.app.goo.gl/c4knZvvK4HEUqQ1SA
117,1B/1B,https://photos.app.goo.gl/KTu8KA6dnzWttbtf7
118,1B/1B,https://photos.app.goo.gl/h5BytxeA2jviKo9DA
119,1B/1B,https://photos.app.goo.gl/K1661GjBzcu71Dnr9
120,1B/1B,https://photos.app.goo.gl/pNcrCk4Jw3QYRq16A
121,2B/2B,https://photos.app.goo.gl/ytWKGf9tXuqqJyEVA
122,3B/2B,https://photos.app.goo.gl/uua3qV7txFrbQy297
123,1B/1B,https://photos.app.goo.gl/LhKuV4c1JsCQX31u5
124,2B/2B,https://photos.app.goo.gl/XxXJnqfXb7AVxMk87
125,1B/1B,https://photos.app.goo.gl/tRxYY8zbAoibeVdJA
126,2B/2B + Den,https://photos.app.goo.gl/dGneUZTzuyD7pDYw9
127,2B/1B,https://photos.app.goo.gl/DyK53Xn7RQdLNiLH9
128,2B/2B,https://photos.app.goo.gl/HEgAE8dd62Q6nAzS7
129,1B/1B,https://photos.app.goo.gl/1wkLocxir33YG3VL8
130,1B/1B
131,1B/1B + Den
132,1B/1B + Den,https://photos.app.goo.gl/mqaC9MGiA82ZE2KQ8
133,1B/1B + Den,https://photos.app.goo.gl/kZhQnzpBiSxntga39
134,1B/1B + Den,https://photos.app.goo.gl/9w12Gb7ZYZ2eT7KP9
135,1B/1B + Den,https://photos.app.goo.gl/az74UQG78DjvgEDx9
136,1B/1B + Den,https://photos.app.goo.gl/d2UtapGxMbwdnyeW7
137,1B/1B + Den,https://photos.app.goo.gl/bSx3ZdwXrZ8m5xry6
138,2B/1B,https://photos.app.goo.gl/EUc4ysYM8JazaaWG9
139,1B/1B + Den,https://photos.app.goo.gl/CAZydT8Ra2kvaBa76
140,2B/1B + Den,https://photos.app.goo.gl/Nn2eCwGLwV9GcKqm6
141,1B/1B + Den,https://photos.app.goo.gl/QTfJQ7YMSLtU1VkV7
142,1B/1B + Den,https://photos.app.goo.gl/VM6bVeVaasUw93a26
143,1B/1B + Den,https://photos.app.goo.gl/7ZTpY4UF2HVFVN6D8
144,1B/1B + Den,https://photos.app.goo.gl/U6YSRncUGcxUj4T38
145,2B/2B + Den,https://photos.app.goo.gl/y43dc1wga1UXzZe39
146,1B/1B + Den,https://photos.app.goo.gl/HqfchVJsiuzQ7xZg9
